<?xml version="1.0" encoding="UTF-8"?>
<project-private xmlns="http://www.netbeans.org/ns/project-private/1">
    <editor-bookmarks xmlns="http://www.netbeans.org/ns/editor-bookmarks/2" lastBookmarkId="0"/>
    <open-files xmlns="http://www.netbeans.org/ns/projectui-open-files/2">
        <group>
            <file>file:/C:/Users/LENOVO/Documents/NetBeansProjects/bank%20system/src/bank/system/Login.java</file>
            <file>file:/C:/Users/LENOVO/Documents/NetBeansProjects/bank%20system/src/bank/system/Withdrawl.java</file>
            <file>file:/C:/Users/LENOVO/Documents/NetBeansProjects/bank%20system/src/bank/system/Signup.java</file>
            <file>file:/C:/Users/LENOVO/Documents/NetBeansProjects/bank%20system/src/bank/system/main_Class.java</file>
            <file>file:/C:/Users/LENOVO/Documents/NetBeansProjects/bank%20system/src/bank/system/BalanceEnquriy.java</file>
            <file>file:/C:/Users/LENOVO/Documents/NetBeansProjects/bank%20system/src/bank/system/Pin.java</file>
            <file>file:/C:/Users/LENOVO/Documents/NetBeansProjects/bank%20system/src/bank/system/Connn.java</file>
            <file>file:/C:/Users/LENOVO/Documents/NetBeansProjects/bank%20system/src/bank/system/mini.java</file>
            <file>file:/C:/Users/LENOVO/Documents/NetBeansProjects/bank%20system/src/bank/system/Deposit.java</file>
        </group>
    </open-files>
</project-private>
